id,full_name,email,first_purchase_date
1,Hillard Willcott,hwillcott0@creativecommons.org,09/22/2025
2,Tallou Bourner,tbourner1@paypal.com,03/31/2025
3,Matelda Legat,mlegat2@wp.com,04/28/2025
4,Edik Tutt,etutt3@pen.io,03/21/2025
5,Aimil Charnock,acharnock4@engadget.com,07/18/2024
6,Melania Gypps,mgypps5@wikimedia.org,03/19/2025
7,Siusan Craik,scraik6@engadget.com,10/31/2024
8,Morly Rentz,mrentz7@sfgate.com,12/12/2024
9,Skylar Dobbings,sdobbings8@blinklist.com,05/18/2024
10,Amery Corington,acorington9@addtoany.com,07/29/2025
11,Winfield Bosence,wbosencea@berkeley.edu,12/04/2024
12,Morry Botterell,mbotterellb@linkedin.com,11/16/2024
13,Patsy Dugan,pduganc@fema.gov,08/17/2024
14,Helaine Lytton,hlyttond@bloglines.com,12/13/2025
15,Alicia Gibbetts,agibbettse@jigsy.com,08/02/2024
16,Alma Scotchmoor,ascotchmoorf@techcrunch.com,12/12/2024
17,Garik Tustin,gtusting@vistaprint.com,10/16/2024
18,Bryan Feenan,bfeenanh@hao123.com,09/12/2024
19,Hewet Kings,hkingsi@diigo.com,03/03/2024
20,Howard Prettyman,hprettymanj@army.mil,03/05/2025
21,Eugine Kiwitz,ekiwitzk@wikispaces.com,12/22/2024
22,Fidole Brody,fbrodyl@amazonaws.com,04/26/2024
23,Iona Godspeede,igodspeedem@multiply.com,11/09/2024
24,Mela Lindgren,mlindgrenn@virginia.edu,07/29/2025
25,Ruthann Lemmon,rlemmono@patch.com,02/14/2024
26,Levi Outerbridge,louterbridgep@mapquest.com,01/03/2024
27,Agna Rowan,arowanq@cbsnews.com,04/04/2024
28,Klaus Witnall,kwitnallr@wikipedia.org,05/03/2024
29,Andrei Breyt,abreyts@theguardian.com,10/16/2024
30,Mozelle Savery,msaveryt@webmd.com,05/28/2025
31,Dominik Ragot,dragotu@naver.com,02/18/2025
32,Odelia Mariotte,omariottev@hud.gov,02/26/2025
33,Creigh Aitchinson,caitchinsonw@vkontakte.ru,11/08/2025
34,Maud Farnin,mfarninx@seattletimes.com,08/23/2024
35,Wat Walhedd,wwalheddy@joomla.org,02/02/2024
36,Yvonne Lambrick,ylambrickz@eventbrite.com,10/25/2024
37,Mirilla Ivanuschka,mivanuschka10@bing.com,02/12/2025
38,Joelle Tousey,jtousey11@google.it,06/12/2024
39,Anderea Geyton,ageyton12@rambler.ru,10/11/2025
40,Aurea Parish,aparish13@slate.com,04/04/2025
41,Burnard Loker,bloker14@addthis.com,08/02/2025
42,Tybalt Balaisot,tbalaisot15@google.pl,08/25/2025
43,Deck Labes,dlabes16@livejournal.com,07/08/2024
44,Sophronia Joutapaitis,sjoutapaitis17@guardian.co.uk,03/19/2024
45,Rafaelita Tibb,rtibb18@timesonline.co.uk,07/16/2024
46,Anitra Whiteside,awhiteside19@lulu.com,08/26/2024
47,Ethelda Ewbanks,eewbanks1a@cbsnews.com,03/05/2024
48,Farrah De Fries,fde1b@opensource.org,07/01/2025
49,Dredi Roselli,droselli1c@fda.gov,05/27/2025
50,Sharon Matschke,smatschke1d@foxnews.com,03/07/2025
51,Elsworth Hartshorne,ehartshorne1e@angelfire.com,08/21/2024
52,Cornall Greenstead,cgreenstead1f@ameblo.jp,10/05/2024
53,Adelaida Mackison,amackison1g@state.gov,10/30/2024
54,Clarinda Crosthwaite,ccrosthwaite1h@51.la,03/08/2025
55,Trixy Sybe,tsybe1i@hexun.com,03/12/2025
56,Jessey Bengle,jbengle1j@wikimedia.org,12/04/2025
57,Andie Zannetti,azannetti1k@kickstarter.com,06/13/2024
58,Bibby Blooman,bblooman1l@umn.edu,04/13/2024
59,Adolph Heaselgrave,aheaselgrave1m@symantec.com,06/05/2025
60,Koren Pinn,kpinn1n@nationalgeographic.com,03/06/2024
61,Mona Warnes,mwarnes1o@japanpost.jp,04/18/2025
62,Shermie Redsall,sredsall1p@sphinn.com,08/30/2025
63,Emilee Crother,ecrother1q@addthis.com,02/22/2024
64,Linnie Edy,ledy1r@ebay.com,11/25/2025
65,Salvatore Vaneev,svaneev1s@noaa.gov,10/04/2024
66,Wallace Peealess,wpeealess1t@princeton.edu,12/07/2024
67,Claudie Nairns,cnairns1u@wufoo.com,05/14/2024
68,Stan D'Emanuele,sdemanuele1v@gov.uk,02/20/2024
69,Adi Alessandretti,aalessandretti1w@delicious.com,02/26/2025
70,Lucky Rampton,lrampton1x@ovh.net,07/23/2025
71,Merv Andrichak,mandrichak1y@who.int,08/16/2024
72,Madel Sibbert,msibbert1z@ted.com,02/23/2024
73,Griswold Gobbett,ggobbett20@cornell.edu,09/18/2024
74,Lemuel Roycraft,lroycraft21@microsoft.com,04/09/2025
75,Kele Kendrick,kkendrick22@list-manage.com,04/09/2024
76,Claire Nuton,cnuton23@1688.com,07/09/2024
77,Nichols Scowen,nscowen24@mtv.com,05/09/2025
78,Hewett Giveen,hgiveen25@google.co.uk,11/11/2024
79,Cassie Plows,cplows26@answers.com,09/14/2025
80,Lane Beig,lbeig27@comsenz.com,08/17/2025
81,Jerrold Weatherup,jweatherup28@aboutads.info,06/19/2025
82,Padget Spencer,pspencer29@discuz.net,04/03/2024
83,Genvieve Cornelleau,gcornelleau2a@biglobe.ne.jp,12/16/2025
84,Derward Edgar,dedgar2b@free.fr,05/11/2024
85,Reade Marcinkowski,rmarcinkowski2c@baidu.com,07/12/2024
86,Melinda Liddiard,mliddiard2d@yale.edu,08/20/2025
87,Shelba Mitrovic,smitrovic2e@gov.uk,11/18/2024
88,Mendy Blaksley,mblaksley2f@utexas.edu,12/02/2025
89,Derwin Gillbey,dgillbey2g@vk.com,06/18/2025
90,Corbett Ticic,cticic2h@behance.net,12/16/2024
91,Blakeley Jasik,bjasik2i@xing.com,09/30/2025
92,Heinrick Toothill,htoothill2j@mashable.com,10/06/2024
93,Derk Manifold,dmanifold2k@ted.com,06/15/2024
94,Nessi Espinal,nespinal2l@discovery.com,02/16/2024
95,Lina Senten,lsenten2m@cbslocal.com,10/12/2024
96,Morgana Langeren,mlangeren2n@skyrock.com,12/04/2024
97,Francyne Greson,fgreson2o@redcross.org,06/29/2025
98,Karoline Vinick,kvinick2p@businessinsider.com,08/12/2024
99,Crystal Danielis,cdanielis2q@si.edu,07/16/2024
100,Clarinda Oaten,coaten2r@wikimedia.org,12/24/2025
101,Kym Ivatt,kivatt2s@joomla.org,07/24/2024
102,Brittney Talks,btalks2t@aol.com,06/24/2024
103,Nikaniki Broom,nbroom2u@newyorker.com,11/12/2025
104,Bunni Wimpenny,bwimpenny2v@cyberchimps.com,10/14/2024
105,Lonnie Gatch,lgatch2w@hc360.com,08/01/2025
106,Reider Mott,rmott2x@bluehost.com,03/29/2025
107,Leora Tumbelty,ltumbelty2y@themeforest.net,08/21/2024
108,Blair Demchen,bdemchen2z@hc360.com,07/11/2024
109,Benjamin Hyman,bhyman30@hc360.com,06/13/2025
110,Griz Casarili,gcasarili31@acquirethisname.com,01/20/2024
111,Tanitansy Whistlecraft,twhistlecraft32@vk.com,06/17/2024
112,Giordano Antonich,gantonich33@sina.com.cn,10/12/2025
113,Clovis Whitters,cwhitters34@prnewswire.com,07/22/2024
114,Gorden Bahl,gbahl35@wikispaces.com,05/25/2025
115,Dietrich Drever,ddrever36@wordpress.org,11/01/2024
116,Ali Lernihan,alernihan37@plala.or.jp,07/07/2025
117,Lief Pickering,lpickering38@nationalgeographic.com,07/15/2025
118,Leonanie Riddle,lriddle39@meetup.com,02/17/2025
119,Rafe Hanwright,rhanwright3a@constantcontact.com,11/23/2025
120,Dinnie Patesel,dpatesel3b@yolasite.com,02/15/2024
121,Kaspar Drever,kdrever3c@bloomberg.com,10/26/2024
122,Batholomew Tireman,btireman3d@eepurl.com,06/03/2025
123,Ari McKinless,amckinless3e@paginegialle.it,07/10/2025
124,Mame Guiraud,mguiraud3f@netscape.com,07/15/2024
125,Gusty Reihill,greihill3g@miitbeian.gov.cn,08/22/2024
126,Helenka Donhardt,hdonhardt3h@ask.com,05/26/2024
127,Inglebert Bent,ibent3i@facebook.com,11/03/2025
128,Lolita Deave,ldeave3j@statcounter.com,10/18/2025
129,Jasmin Feldbau,jfeldbau3k@smh.com.au,05/18/2025
130,Ursuline MacAllester,umacallester3l@scientificamerican.com,03/11/2024
131,Britni Coulthart,bcoulthart3m@jugem.jp,06/26/2024
132,Marleen Mounsey,mmounsey3n@senate.gov,05/24/2024
133,Fayth Timlin,ftimlin3o@omniture.com,11/02/2025
134,Fabiano Kevane,fkevane3p@ustream.tv,06/23/2025
135,Billie Cowderay,bcowderay3q@vistaprint.com,07/12/2024
136,Waverley Cordeix,wcordeix3r@nbcnews.com,11/04/2025
137,Vinnie Birden,vbirden3s@chicagotribune.com,07/24/2024
138,Kingsley Walczak,kwalczak3t@ed.gov,11/22/2025
139,Emmy Bazell,ebazell3u@angelfire.com,09/26/2024
140,Joya Gilmore,jgilmore3v@photobucket.com,04/11/2025
141,Shanon Awcoate,sawcoate3w@merriam-webster.com,04/23/2025
142,Karlyn Sam,ksam3x@ox.ac.uk,03/31/2025
143,Addi Cartlidge,acartlidge3y@deviantart.com,07/25/2025
144,Val Philott,vphilott3z@rambler.ru,11/11/2025
145,Fiorenze Kingcott,fkingcott40@oaic.gov.au,11/02/2025
146,Alvira Hukin,ahukin41@europa.eu,09/19/2025
147,Mile Landal,mlandal42@cbslocal.com,06/29/2025
148,Stormie Eyree,seyree43@4shared.com,07/17/2025
149,Rayshell Iacobucci,riacobucci44@google.it,06/17/2024
150,Angelique Stellman,astellman45@artisteer.com,07/17/2024
151,Marje Cordobes,mcordobes46@paginegialle.it,06/10/2024
152,Ardath Stiddard,astiddard47@ning.com,08/29/2025
153,Brnaba Howlett,bhowlett48@nps.gov,05/08/2024
154,Nada Hedgeley,nhedgeley49@acquirethisname.com,07/14/2024
155,Nicolai Sheron,nsheron4a@addtoany.com,06/22/2025
156,Richardo Le Franc,rle4b@bigcartel.com,01/24/2024
157,Danit Ilyuchyov,dilyuchyov4c@over-blog.com,07/20/2025
158,Betsy Foxton,bfoxton4d@moonfruit.com,06/30/2025
159,Geri Dunsmuir,gdunsmuir4e@dailymail.co.uk,08/27/2025
160,Jarvis Wardrope,jwardrope4f@prweb.com,10/21/2024
161,Guy St. Queintain,gst4g@dropbox.com,09/12/2025
162,Fanni Hirsthouse,fhirsthouse4h@goodreads.com,07/18/2025
163,Rutledge Tredwell,rtredwell4i@newyorker.com,08/01/2025
164,Chancey Collinette,ccollinette4j@sogou.com,12/22/2025
165,Bessie Milan,bmilan4k@1688.com,01/29/2025
166,Laird Trusty,ltrusty4l@wikia.com,11/11/2024
167,Tansy Shulver,tshulver4m@freewebs.com,02/05/2025
168,Ilyse Prendeguest,iprendeguest4n@cdbaby.com,05/14/2025
169,Merle Shemelt,mshemelt4o@craigslist.org,07/28/2025
170,Kahlil Pasby,kpasby4p@feedburner.com,02/24/2024
171,Terrye Inston,tinston4q@blog.com,12/02/2025
172,Teodorico Rafferty,trafferty4r@nature.com,12/08/2025
173,Griffin Lembrick,glembrick4s@timesonline.co.uk,06/12/2025
174,Damian Sterrie,dsterrie4t@ox.ac.uk,06/08/2024
175,Marleen Conkay,mconkay4u@dagondesign.com,11/23/2024
176,Theresa Parnaby,tparnaby4v@princeton.edu,11/25/2024
177,Reina Vigours,rvigours4w@cyberchimps.com,06/09/2024
178,Gustavo Chattey,gchattey4x@wiley.com,03/09/2024
179,Kacy Sayers,ksayers4y@vk.com,08/16/2024
180,Morgen Abram,mabram4z@examiner.com,03/26/2024
181,Jillie Vasilischev,jvasilischev50@studiopress.com,01/01/2024
182,Gregoire Sergant,gsergant51@google.ru,10/14/2024
183,Marga Considine,mconsidine52@google.co.jp,06/12/2025
184,Hedda d'Escoffier,hdescoffier53@amazon.com,03/03/2024
185,Julie Jouannot,jjouannot54@timesonline.co.uk,01/11/2024
186,Reggie McRonald,rmcronald55@spiegel.de,01/25/2025
187,Kile Saxton,ksaxton56@sciencedirect.com,10/27/2025
188,Darleen Cutbush,dcutbush57@aol.com,06/20/2024
189,Eduino Cannam,ecannam58@theatlantic.com,06/13/2025
190,Brant Oleksinski,boleksinski59@china.com.cn,12/03/2024
191,Hewett Rosenbaum,hrosenbaum5a@pbs.org,09/02/2025
192,Berri Fearon,bfearon5b@oracle.com,03/01/2025
193,Vernor Taffarello,vtaffarello5c@rakuten.co.jp,12/10/2024
194,Brigg Grund,bgrund5d@cafepress.com,11/17/2025
195,Melanie Deakan,mdeakan5e@netvibes.com,10/26/2024
196,Petra Cheasman,pcheasman5f@networksolutions.com,12/22/2024
197,Iona Darragh,idarragh5g@oakley.com,06/16/2025
198,Natasha Jerzykiewicz,njerzykiewicz5h@unesco.org,07/24/2024
199,Ashlin Lichtfoth,alichtfoth5i@aboutads.info,03/06/2024
200,Casi Dickman,cdickman5j@mtv.com,04/17/2025
201,Burtie Langman,blangman5k@unesco.org,08/16/2025
202,Vidovik McBryde,vmcbryde5l@pagesperso-orange.fr,09/24/2024
203,Curran Shirland,cshirland5m@biglobe.ne.jp,05/17/2024
204,Dudley Barstock,dbarstock5n@jigsy.com,07/04/2024
205,Riki Hacquoil,rhacquoil5o@issuu.com,05/27/2024
206,Lindy Gierke,lgierke5p@com.com,02/23/2024
207,Alistair Dowgill,adowgill5q@telegraph.co.uk,07/10/2024
208,Vanda Giraldon,vgiraldon5r@baidu.com,04/16/2025
209,Willabella Goodier,wgoodier5s@simplemachines.org,02/14/2025
210,Parsifal McVaugh,pmcvaugh5t@google.pl,05/23/2025
211,Baxy Soldner,bsoldner5u@europa.eu,04/18/2024
212,Joe Westwood,jwestwood5v@privacy.gov.au,12/25/2025
213,Hal Fletham,hfletham5w@amazon.co.jp,03/25/2025
214,Ivie Standbrook,istandbrook5x@wufoo.com,06/30/2025
215,Gwenore Antley,gantley5y@wikispaces.com,11/08/2024
216,Brittne Roskams,broskams5z@time.com,02/01/2025
217,Hilton Eliesco,heliesco60@google.de,12/01/2024
218,Bonnee Natte,bnatte61@sun.com,06/30/2024
219,Janel Bawme,jbawme62@t.co,01/22/2025
220,Ciro Masdin,cmasdin63@domainmarket.com,01/21/2025
221,Lavinia Raynes,lraynes64@paginegialle.it,02/17/2025
222,Jerry Cast,jcast65@ask.com,05/23/2025
223,Nettie Stannett,nstannett66@who.int,05/20/2025
224,Wainwright Capaldo,wcapaldo67@sciencedaily.com,05/13/2025
225,Rodge Roony,rroony68@ft.com,04/13/2024
226,Neron Undrell,nundrell69@ihg.com,07/27/2024
227,Con Flemmich,cflemmich6a@hugedomains.com,03/31/2025
228,Iago Colvin,icolvin6b@google.ca,04/03/2024
229,Hollyanne Karlowicz,hkarlowicz6c@washington.edu,01/22/2024
230,Daryn Danneil,ddanneil6d@newsvine.com,08/24/2024
231,Fanechka Nicholes,fnicholes6e@shutterfly.com,03/02/2025
232,Doti McCreadie,dmccreadie6f@scientificamerican.com,07/28/2024
233,Nikolaus Tromans,ntromans6g@nih.gov,11/21/2025
234,Fitzgerald Hould,fhould6h@wisc.edu,02/01/2025
235,Gayle Ferraro,gferraro6i@time.com,04/22/2024
236,Loren Kleinhaus,lkleinhaus6j@vk.com,01/17/2024
237,Jandy Bercevelo,jbercevelo6k@wired.com,04/20/2024
238,Richard Janman,rjanman6l@gov.uk,11/18/2024
239,Eliza Mantripp,emantripp6m@discovery.com,03/04/2024
240,Taylor Dyers,tdyers6n@last.fm,10/04/2025
241,Tracie Alejandro,talejandro6o@cbc.ca,06/30/2025
242,Mario Mertin,mmertin6p@ucoz.ru,06/30/2024
243,Tracee Aldwich,taldwich6q@prweb.com,02/07/2025
244,Garreth Paylie,gpaylie6r@mit.edu,11/01/2024
245,Mendie Worts,mworts6s@reuters.com,04/28/2025
246,Kaile Penrith,kpenrith6t@ebay.co.uk,09/17/2025
247,Zena Winger,zwinger6u@nsw.gov.au,05/16/2024
248,Kerianne Hotson,khotson6v@joomla.org,12/01/2024
249,Klemens Valentinetti,kvalentinetti6w@sciencedirect.com,05/11/2024
250,Odella Sewards,osewards6x@rambler.ru,06/02/2024
251,Fraze Hearsum,fhearsum6y@networksolutions.com,05/07/2025
252,Elroy Deverock,edeverock6z@sina.com.cn,09/16/2025
253,Eduard Querree,equerree70@oracle.com,08/06/2025
254,Kerr Kirsopp,kkirsopp71@bbc.co.uk,11/09/2024
255,Maddie Spiniello,mspiniello72@tuttocitta.it,03/14/2024
256,Charlotte Penrice,cpenrice73@cnet.com,08/14/2024
257,Nickolai Quinnelly,nquinnelly74@tiny.cc,05/11/2024
258,Theo Diggin,tdiggin75@deviantart.com,09/04/2024
259,Lynnet Moralas,lmoralas76@ow.ly,11/05/2025
260,Paco Filipov,pfilipov77@webmd.com,11/24/2025
261,Shae Hinken,shinken78@a8.net,01/20/2024
262,Noland Tribble,ntribble79@yahoo.com,03/25/2025
263,Reynolds Sangwine,rsangwine7a@prnewswire.com,02/19/2025
264,Ebeneser Lehrmann,elehrmann7b@tmall.com,11/04/2025
265,Mirabelle Jiruca,mjiruca7c@yahoo.co.jp,03/07/2024
266,Hastings Issacoff,hissacoff7d@bravesites.com,12/02/2024
267,Pennie McNicol,pmcnicol7e@stanford.edu,03/16/2025
268,Appolonia Baccus,abaccus7f@omniture.com,08/06/2024
269,Frederic Vlasov,fvlasov7g@businessweek.com,05/21/2024
270,Coriss Binny,cbinny7h@t-online.de,03/08/2025
271,Cameron Domenichini,cdomenichini7i@nifty.com,01/28/2025
272,Cherrita Linebarger,clinebarger7j@newsvine.com,07/21/2025
273,Verine Berford,vberford7k@businessinsider.com,07/07/2024
274,Val Douse,vdouse7l@sun.com,09/29/2025
275,Matthus Popley,mpopley7m@jigsy.com,01/16/2025
276,Beverly Piegrome,bpiegrome7n@fema.gov,03/22/2025
277,Maure Chesnay,mchesnay7o@microsoft.com,04/28/2025
278,Carla Skala,cskala7p@smugmug.com,07/04/2025
279,Woodrow Tschierse,wtschierse7q@webs.com,06/29/2024
280,Odessa Truggian,otruggian7r@abc.net.au,05/24/2024
281,Lay Rennels,lrennels7s@apple.com,03/27/2025
282,Sax Topper,stopper7t@amazon.com,11/10/2024
283,Alphonso McCorry,amccorry7u@google.pl,08/25/2024
284,Jaymee Toffanelli,jtoffanelli7v@wikispaces.com,06/15/2024
285,Diannne Matoshin,dmatoshin7w@loc.gov,12/26/2025
286,Knox Ickovici,kickovici7x@posterous.com,02/24/2025
287,Jakie Losebie,jlosebie7y@fema.gov,05/10/2024
288,Amalee Habden,ahabden7z@engadget.com,03/09/2024
289,Filbert Novichenko,fnovichenko80@phpbb.com,03/20/2024
290,Yehudit Tocher,ytocher81@newyorker.com,07/11/2024
291,Marvin Tritton,mtritton82@booking.com,09/17/2025
292,Neda Goroni,ngoroni83@etsy.com,01/31/2025
293,Haskel Klossmann,hklossmann84@mozilla.com,02/04/2025
294,Yardley Chieze,ychieze85@wordpress.org,08/31/2025
295,Vivi Belfit,vbelfit86@google.it,08/19/2024
296,Ignacius Woof,iwoof87@google.com,07/29/2025
297,Xerxes Opdenort,xopdenort88@creativecommons.org,11/25/2025
298,Lodovico Arstingall,larstingall89@zdnet.com,06/03/2025
299,Verney Bedlington,vbedlington8a@go.com,06/09/2024
300,Merla Landrieu,mlandrieu8b@amazon.co.uk,05/04/2025
301,Sawyer Anmore,sanmore8c@cam.ac.uk,01/23/2025
302,Cortie Joskowicz,cjoskowicz8d@multiply.com,06/02/2025
303,Lynde Curlis,lcurlis8e@a8.net,02/16/2025
304,Aland Redholls,aredholls8f@behance.net,06/23/2024
305,Benni Verty,bverty8g@unblog.fr,01/11/2024
306,Maybelle Olver,molver8h@wisc.edu,09/10/2025
307,Elizabeth Carnoghan,ecarnoghan8i@umn.edu,02/10/2025
308,Oswald Erangy,oerangy8j@sina.com.cn,02/05/2024
309,Claretta Domesday,cdomesday8k@java.com,05/30/2024
310,Nick Lamond,nlamond8l@gravatar.com,12/16/2024
311,Gerti Philippault,gphilippault8m@house.gov,08/28/2024
312,Vikky Braemer,vbraemer8n@bluehost.com,12/09/2025
313,Jeane Trevallion,jtrevallion8o@spiegel.de,07/12/2024
314,Pincas Volker,pvolker8p@facebook.com,08/16/2024
315,Stavro McComiskie,smccomiskie8q@discovery.com,03/02/2025
316,Hetty Spyer,hspyer8r@myspace.com,09/19/2024
317,Verla Navarijo,vnavarijo8s@wiley.com,01/24/2025
318,Stephenie Reinbech,sreinbech8t@indiegogo.com,02/19/2024
319,Cash Nicklen,cnicklen8u@state.gov,12/23/2025
320,Siana McCray,smccray8v@stanford.edu,10/07/2025
321,Gawain Chatainier,gchatainier8w@fema.gov,06/23/2025
322,Reade Waggatt,rwaggatt8x@boston.com,08/24/2024
323,Verina Whimper,vwhimper8y@nps.gov,04/30/2024
324,Albrecht Giovanazzi,agiovanazzi8z@cloudflare.com,05/31/2025
325,Hakim Lashford,hlashford90@so-net.ne.jp,05/20/2024
326,Brunhilda Mayoh,bmayoh91@miibeian.gov.cn,05/12/2025
327,Doyle Wenderott,dwenderott92@scientificamerican.com,01/03/2025
328,Baxter Winterbotham,bwinterbotham93@blogger.com,08/18/2025
329,Pierrette Skokoe,pskokoe94@unesco.org,03/21/2025
330,Kissiah Bampkin,kbampkin95@google.pl,02/06/2025
331,Anatole Macellar,amacellar96@bluehost.com,08/14/2025
332,Gabi Toping,gtoping97@surveymonkey.com,06/12/2024
333,Siffre Guerrin,sguerrin98@thetimes.co.uk,11/07/2024
334,Dick Petranek,dpetranek99@webeden.co.uk,05/27/2025
335,Raimundo Marco,rmarco9a@arstechnica.com,11/10/2025
336,Jaquenette Curnock,jcurnock9b@liveinternet.ru,01/07/2025
337,Patrizius Pammenter,ppammenter9c@xrea.com,08/23/2025
338,Kirsti Arnowicz,karnowicz9d@addtoany.com,02/13/2025
339,Court Fargher,cfargher9e@cloudflare.com,03/27/2025
340,Zak Merton,zmerton9f@canalblog.com,08/10/2024
341,Jolyn Laughren,jlaughren9g@earthlink.net,02/13/2024
342,Netta Hurkett,nhurkett9h@domainmarket.com,02/09/2025
343,Angeline L'Hommeau,alhommeau9i@patch.com,10/28/2024
344,Babbie Janout,bjanout9j@spiegel.de,07/18/2025
345,Bryant Cowell,bcowell9k@admin.ch,01/29/2024
346,Orran Jaszczak,ojaszczak9l@cpanel.net,04/12/2024
347,Neilla Firmage,nfirmage9m@reference.com,07/21/2024
348,Noble Luno,nluno9n@creativecommons.org,11/25/2025
349,Pip Mueller,pmueller9o@twitter.com,03/22/2024
350,Leeann Tittershill,ltittershill9p@usgs.gov,05/15/2025
351,Adolphe MacCambridge,amaccambridge9q@istockphoto.com,04/15/2024
352,Valenka Wetherby,vwetherby9r@spotify.com,10/24/2024
353,Dee dee Kinze,ddee9s@trellian.com,07/31/2025
354,Dorine Becom,dbecom9t@ifeng.com,06/01/2024
355,Clarey Hoppner,choppner9u@sohu.com,04/09/2025
356,Leo Pickerell,lpickerell9v@nasa.gov,05/10/2025
357,Cassandra Onion,conion9w@about.me,09/04/2025
358,Tedie Golsby,tgolsby9x@qq.com,04/30/2024
359,Aeriell Hartwell,ahartwell9y@state.tx.us,08/30/2025
360,Brig Voelker,bvoelker9z@thetimes.co.uk,02/27/2024
361,Emalee Pendred,ependreda0@nhs.uk,09/29/2024
362,Shirley Spedroni,sspedronia1@privacy.gov.au,04/04/2025
363,Albina Davidsohn,adavidsohna2@tripod.com,08/04/2024
364,Ferguson Laxston,flaxstona3@scientificamerican.com,08/30/2025
365,Garey Dyott,gdyotta4@elegantthemes.com,04/17/2025
366,Jennica Belchem,jbelchema5@businessinsider.com,01/02/2025
367,Kariotta Maffeo,kmaffeoa6@webeden.co.uk,07/07/2024
368,Dirk Hallows,dhallowsa7@issuu.com,09/09/2025
369,Crichton Boothby,cboothbya8@si.edu,12/02/2025
370,Chancey Vonasek,cvonaseka9@booking.com,11/25/2025
371,Manda Brimmicombe,mbrimmicombeaa@timesonline.co.uk,10/29/2024
372,Cyrill Mirando,cmirandoab@people.com.cn,10/14/2025
373,Carlyn Segeswoeth,csegeswoethac@fema.gov,01/01/2025
374,Dionne Zylberdik,dzylberdikad@weather.com,01/26/2025
375,Emogene Ibberson,eibbersonae@indiegogo.com,03/25/2025
376,Drucie Benitti,dbenittiaf@prnewswire.com,12/29/2024
377,Rosalinde Hintze,rhintzeag@latimes.com,12/01/2025
378,Twyla Baitman,tbaitmanah@ustream.tv,02/26/2025
379,Lucilia Shufflebotham,lshufflebothamai@usatoday.com,10/08/2025
380,Sisile Cicccitti,scicccittiaj@g.co,08/26/2025
381,Serene Maxwale,smaxwaleak@europa.eu,12/04/2024
382,Nananne Ostridge,nostridgeal@devhub.com,08/30/2024
383,Corrie Szwandt,cszwandtam@salon.com,10/07/2025
384,Maggie Sanbrooke,msanbrookean@house.gov,05/29/2025
385,Amandy Corbridge,acorbridgeao@desdev.cn,04/04/2025
386,Annnora Ravenhill,aravenhillap@hhs.gov,08/22/2024
387,Vikki Patek,vpatekaq@github.io,01/27/2025
388,Walliw Vigars,wvigarsar@comsenz.com,06/22/2024
389,Bron Fussen,bfussenas@icq.com,02/15/2025
390,Sherry Gossart,sgossartat@mysql.com,08/28/2025
391,Phaidra Shoard,pshoardau@bloglines.com,03/19/2025
392,Alene Chafer,achaferav@histats.com,02/12/2025
393,Herschel Eisikovitsh,heisikovitshaw@lulu.com,11/17/2025
394,Corinne Lougheid,clougheidax@seesaa.net,06/23/2025
395,Kristos Schwandermann,kschwandermannay@google.com.au,04/26/2024
396,Weston Longford,wlongfordaz@hao123.com,01/24/2024
397,Parrnell Seiffert,pseiffertb0@biglobe.ne.jp,01/13/2024
398,Orelie Croxton,ocroxtonb1@prnewswire.com,08/02/2024
399,Gerianna Haggith,ghaggithb2@ask.com,09/11/2025
400,Kathlin Elleray,kellerayb3@phoca.cz,11/10/2025
401,Herminia Tutchener,htutchenerb4@networksolutions.com,12/20/2025
402,Thacher Matthius,tmatthiusb5@unicef.org,11/07/2024
403,Desiri Jaffray,djaffrayb6@hexun.com,10/24/2025
404,Archy Tomas,atomasb7@so-net.ne.jp,09/01/2024
405,Cherilynn Wagstaffe,cwagstaffeb8@craigslist.org,04/04/2025
406,Ginger Jaze,gjazeb9@blogs.com,04/27/2025
407,Gwennie Chmiel,gchmielba@toplist.cz,01/13/2025
408,Ker Radin,kradinbb@mapquest.com,05/30/2025
409,Tim Goldine,tgoldinebc@soundcloud.com,09/14/2025
410,Adora Waymont,awaymontbd@tinyurl.com,04/27/2025
411,Mikey Setchfield,msetchfieldbe@hibu.com,11/29/2025
412,Brandea Durek,bdurekbf@cdbaby.com,02/05/2024
413,Quint Batter,qbatterbg@chronoengine.com,03/25/2025
414,Janessa Speere,jspeerebh@smh.com.au,07/06/2025
415,Annamaria Woollcott,awoollcottbi@bloglines.com,05/16/2025
416,Aveline Isherwood,aisherwoodbj@disqus.com,01/27/2025
417,Bent Pedrazzi,bpedrazzibk@businesswire.com,05/23/2025
418,Eilis de Tocqueville,edebl@bigcartel.com,01/25/2025
419,Imojean Machen,imachenbm@pagesperso-orange.fr,12/02/2025
420,Elinore Drillingcourt,edrillingcourtbn@mapquest.com,09/25/2025
421,Karina Feldman,kfeldmanbo@nytimes.com,12/08/2024
422,Pierce Slemming,pslemmingbp@freewebs.com,11/17/2024
423,Joelynn Eade,jeadebq@skyrock.com,02/10/2025
424,Fleming Roadknight,froadknightbr@twitter.com,04/21/2025
425,Felisha Kibbe,fkibbebs@typepad.com,04/03/2025
426,Tillie Noton,tnotonbt@redcross.org,03/30/2025
427,Israel Purshouse,ipurshousebu@facebook.com,03/31/2024
428,Syd Quincey,squinceybv@cocolog-nifty.com,01/03/2024
429,Wyn Bursnell,wbursnellbw@examiner.com,05/22/2024
430,Reade Manville,rmanvillebx@wix.com,11/28/2024
431,Jewell Bowles,jbowlesby@wix.com,09/14/2025
432,Celisse Poone,cpoonebz@reuters.com,04/18/2025
433,Prentiss Heinle,pheinlec0@illinois.edu,08/08/2025
434,Tessi Jepperson,tjeppersonc1@meetup.com,03/11/2024
435,Cal Bestiman,cbestimanc2@accuweather.com,02/01/2024
436,Sergent Avory,savoryc3@mediafire.com,06/16/2025
437,Nikola Blackmore,nblackmorec4@feedburner.com,06/09/2024
438,Athena Itzchaky,aitzchakyc5@livejournal.com,05/07/2025
439,Lane Hukins,lhukinsc6@unc.edu,03/29/2025
440,Alix Hambric,ahambricc7@wikia.com,02/22/2025
441,Patrice Ironside,pironsidec8@timesonline.co.uk,11/07/2025
442,Guillemette Geyton,ggeytonc9@fda.gov,01/04/2025
443,Annabella Jarritt,ajarrittca@craigslist.org,06/24/2025
444,Xylina Saunders,xsaunderscb@bigcartel.com,05/07/2024
445,Isaiah Runchman,irunchmancc@sohu.com,11/10/2025
446,Peri Royle,proylecd@bluehost.com,04/04/2024
447,Dion Caulier,dcaulierce@home.pl,06/28/2024
448,Jill McHale,jmchalecf@ed.gov,08/18/2024
449,Zelda Abramovitch,zabramovitchcg@jimdo.com,07/25/2024
450,Rochell Bettley,rbettleych@dedecms.com,11/27/2024
451,Rozanne Cutmere,rcutmereci@edublogs.org,05/11/2024
452,Shaughn Blesli,sbleslicj@seesaa.net,08/15/2024
453,Hope Stode,hstodeck@huffingtonpost.com,11/17/2024
454,Rickert Vallender,rvallendercl@smugmug.com,02/16/2024
455,Vaclav Perse,vpersecm@ameblo.jp,02/11/2025
456,Cris Spleving,csplevingcn@mozilla.com,07/02/2024
457,Annabella Eaglestone,aeaglestoneco@a8.net,09/25/2024
458,Benito Tyne,btynecp@istockphoto.com,05/08/2024
459,Audrye Smieton,asmietoncq@cnn.com,08/11/2024
460,Adorne Babbs,ababbscr@noaa.gov,10/20/2025
461,Alecia Terrill,aterrillcs@tuttocitta.it,06/04/2024
462,Alfreda Barszczewski,abarszczewskict@pcworld.com,01/27/2025
463,Tommy McKevany,tmckevanycu@sun.com,11/11/2024
464,Taffy Dunstall,tdunstallcv@google.cn,08/09/2024
465,Giff De Vaan,gdecw@meetup.com,05/13/2024
466,Fallon Bydaway,fbydawaycx@google.it,07/27/2025
467,Agosto Penton,apentoncy@qq.com,08/14/2024
468,Kaleena Langeley,klangeleycz@kickstarter.com,08/04/2025
469,Lydia Lawly,llawlyd0@hexun.com,07/13/2025
470,Louie Brizell,lbrizelld1@issuu.com,11/05/2024
471,Dorey Etter,detterd2@huffingtonpost.com,06/18/2025
472,Anjela McKissack,amckissackd3@nationalgeographic.com,07/24/2025
473,Alexio Barthrup,abarthrupd4@usa.gov,06/18/2024
474,Lothaire Croster,lcrosterd5@hc360.com,03/19/2024
475,Bernie Petrushka,bpetrushkad6@blinklist.com,01/18/2024
476,Marcille Pye,mpyed7@vk.com,08/07/2025
477,Alvina Statton,astattond8@hc360.com,08/17/2024
478,Brose Markie,bmarkied9@bigcartel.com,02/03/2025
479,Maiga McMillam,mmcmillamda@odnoklassniki.ru,06/12/2024
480,Andreas Catteroll,acatterolldb@wix.com,12/29/2025
481,Kimmie Lawrenson,klawrensondc@bravesites.com,08/06/2025
482,Bret Vieyra,bvieyradd@comsenz.com,11/11/2024
483,Diarmid Maggs,dmaggsde@newyorker.com,10/25/2024
484,Elane Evens,eevensdf@issuu.com,03/05/2025
485,Saunder Kerrich,skerrichdg@altervista.org,09/08/2024
486,Abby Vandrill,avandrilldh@feedburner.com,01/13/2025
487,Shelby Filinkov,sfilinkovdi@java.com,09/02/2025
488,Katlin Greenlees,kgreenleesdj@nyu.edu,01/08/2025
489,Bessy O'Cullinane,bocullinanedk@xrea.com,03/14/2024
490,Delcine Hemshall,dhemshalldl@unicef.org,05/21/2025
491,Katrina Klinck,kklinckdm@meetup.com,03/21/2025
492,Janeczka Waliszewski,jwaliszewskidn@imgur.com,12/19/2024
493,Esteban Zimmer,ezimmerdo@miitbeian.gov.cn,01/16/2025
494,Kass Jimson,kjimsondp@yahoo.com,10/22/2024
495,Marja Bangiard,mbangiarddq@washingtonpost.com,12/04/2024
496,Tisha D'Alessandro,tdalessandrodr@va.gov,01/20/2024
497,Ailis Perrett,aperrettds@scribd.com,07/25/2025
498,Even Gallaccio,egallacciodt@booking.com,11/29/2024
499,Rosana Mont,rmontdu@dion.ne.jp,04/13/2024
500,Anna-diane Huzzay,ahuzzaydv@free.fr,07/12/2024
501,Avictor Cheales,achealesdw@tripod.com,06/17/2024
502,Christine Gravell,cgravelldx@ebay.co.uk,12/28/2024
503,Jennie Junes,jjunesdy@intel.com,01/22/2025
504,Danika Inggall,dinggalldz@youtu.be,08/04/2025
505,Miof mela Carroll,mmelae0@behance.net,10/26/2025
506,Aluino Craft,acrafte1@upenn.edu,05/22/2025
507,Isobel Niche,inichee2@homestead.com,12/08/2025
508,Bertrando Tomlin,btomline3@cpanel.net,06/06/2025
509,Estevan Castanaga,ecastanagae4@topsy.com,07/01/2024
510,Jaclin Brachell,jbrachelle5@devhub.com,03/19/2024
511,Jarrid Iddins,jiddinse6@freewebs.com,05/09/2025
512,Roz Legat,rlegate7@economist.com,01/13/2024
513,Diana Bathow,dbathowe8@unc.edu,10/05/2025
514,Carlyn Filipovic,cfilipovice9@cbslocal.com,05/23/2024
515,Leda Filippov,lfilippovea@hugedomains.com,08/31/2024
516,Laurice Gilcriest,lgilcriesteb@hexun.com,07/29/2024
517,Micki Edden,meddenec@youtu.be,10/18/2025
518,Bird Twelvetrees,btwelvetreesed@time.com,11/15/2025
519,Jordon McLean,jmcleanee@ow.ly,11/15/2025
520,Nester Faull,nfaullef@yandex.ru,02/02/2024
521,Cirilo Enbury,cenburyeg@redcross.org,02/05/2024
522,Lilyan Le feaver,lleeh@quantcast.com,03/21/2024
523,Chery Gersam,cgersamei@unc.edu,03/16/2024
524,Salvador Lapides,slapidesej@discuz.net,08/08/2025
525,Arnoldo Wrassell,awrassellek@cam.ac.uk,03/06/2025
526,Adelaida Freemantle,afreemantleel@nbcnews.com,04/26/2024
527,Paco Karpeev,pkarpeevem@godaddy.com,05/25/2024
528,Giana McKinlay,gmckinlayen@techcrunch.com,01/19/2024
529,Cozmo Faye,cfayeeo@army.mil,07/01/2025
530,Marisa Jovey,mjoveyep@de.vu,10/27/2024
531,Jillene Sammes,jsammeseq@nifty.com,09/17/2025
532,Adham Belone,abeloneer@marketwatch.com,05/14/2025
533,Cristie Darey,cdareyes@nps.gov,09/06/2025
534,Melli O'Dougherty,modoughertyet@histats.com,04/15/2025
535,Selig Holleran,sholleraneu@youtu.be,03/22/2025
536,Bourke Macbane,bmacbaneev@rediff.com,11/18/2025
537,Kerk Bonsale,kbonsaleew@rakuten.co.jp,02/03/2024
538,Prudence Birwhistle,pbirwhistleex@europa.eu,12/25/2024
539,Durant Lively,dlivelyey@businessinsider.com,06/23/2024
540,Culver Evenden,cevendenez@histats.com,07/27/2025
541,Tammie Dallender,tdallenderf0@seattletimes.com,09/03/2025
542,Nicoli Knevit,nknevitf1@slate.com,09/03/2025
543,Darbee Lythgoe,dlythgoef2@independent.co.uk,04/09/2024
544,Hyatt Innett,hinnettf3@xinhuanet.com,04/21/2025
545,Antonin Chasmor,achasmorf4@bizjournals.com,06/14/2025
546,Gualterio Trahair,gtrahairf5@springer.com,08/21/2024
547,Payton Iacomelli,piacomellif6@storify.com,05/26/2024
548,Carlos Fullerd,cfullerdf7@biblegateway.com,12/02/2024
549,Rozelle Barok,rbarokf8@sbwire.com,04/16/2025
550,Amil Larrie,alarrief9@nature.com,04/04/2025
551,Nikolas MacGow,nmacgowfa@theglobeandmail.com,05/17/2024
552,Lorena Mordey,lmordeyfb@google.de,08/29/2025
553,Juieta Skally,jskallyfc@artisteer.com,03/31/2024
554,Grace Ralfe,gralfefd@elpais.com,05/17/2024
555,Rubi Mulholland,rmulhollandfe@netlog.com,02/21/2024
556,Elna Millthorpe,emillthorpeff@furl.net,05/16/2025
557,Jeannie Fass,jfassfg@php.net,03/25/2024
558,Avivah Courtois,acourtoisfh@usa.gov,08/21/2024
559,Devina Fereday,dferedayfi@usgs.gov,09/11/2024
560,Adaline O'Doghesty,aodoghestyfj@cbc.ca,09/18/2024
561,Antonino Rosso,arossofk@privacy.gov.au,10/30/2024
562,Mile Gillease,mgilleasefl@google.nl,01/24/2024
563,Tynan Abson,tabsonfm@istockphoto.com,03/21/2024
564,Rog MacCrann,rmaccrannfn@github.com,10/19/2024
565,Arlette O' Faherty,aofo@microsoft.com,05/13/2024
566,Duff MacCorkell,dmaccorkellfp@slashdot.org,06/24/2024
567,Pris Leftwich,pleftwichfq@soundcloud.com,03/06/2024
568,Catherine Duffett,cduffettfr@mac.com,08/25/2025
569,Mirna Riggulsford,mriggulsfordfs@blogs.com,05/11/2024
570,Trumann Bediss,tbedissft@mysql.com,09/19/2024
571,Rabbi Aslen,raslenfu@4shared.com,06/07/2025
572,Tadio Aldous,taldousfv@usda.gov,01/27/2025
573,Charil Bispham,cbisphamfw@yahoo.com,12/07/2024
574,Rozina O'Currine,rocurrinefx@naver.com,06/11/2024
575,Brent Ummfrey,bummfreyfy@domainmarket.com,07/21/2024
576,Anselma Brittain,abrittainfz@geocities.com,12/22/2025
577,Penn Durban,pdurbang0@yahoo.co.jp,11/18/2025
578,Martyn Patullo,mpatullog1@kickstarter.com,01/02/2025
579,Lindsy Van der Krui,lvang2@altervista.org,07/15/2025
580,Korie Cradock,kcradockg3@example.com,05/16/2025
581,Burtie Bakhrushin,bbakhrushing4@washingtonpost.com,09/22/2024
582,Adara Ast,aastg5@wikispaces.com,06/02/2024
583,Audrie de Keyser,adeg6@lycos.com,03/15/2024
584,Markus Petrozzi,mpetrozzig7@tmall.com,12/19/2024
585,Ardys Larne,alarneg8@oaic.gov.au,02/03/2025
586,Crystie Zincke,czinckeg9@creativecommons.org,11/08/2024
587,Alfred Dymocke,adymockega@4shared.com,01/08/2024
588,Mayor Ferrario,mferrariogb@kickstarter.com,09/16/2024
589,Zebadiah Shrimpling,zshrimplinggc@boston.com,04/03/2025
590,Kristofer Lembrick,klembrickgd@sciencedaily.com,04/13/2025
591,Tobias Rosensaft,trosensaftge@tuttocitta.it,06/15/2025
592,Delia Ugolini,dugolinigf@google.es,05/15/2025
593,Blane Prenty,bprentygg@digg.com,03/12/2024
594,Augustine Risman,arismangh@guardian.co.uk,05/13/2024
595,Staci Handaside,shandasidegi@washingtonpost.com,08/21/2024
596,Valentijn Blade,vbladegj@indiegogo.com,08/05/2025
597,Amelie Idill,aidillgk@arizona.edu,01/23/2024
598,Ken Krzyzaniak,kkrzyzaniakgl@tripadvisor.com,09/25/2025
599,Susann Lamming,slamminggm@w3.org,07/31/2024
600,Gannon Husset,ghussetgn@biblegateway.com,12/31/2024
601,Esme Downage,edownagego@gmpg.org,10/27/2024
602,Isidoro Croce,icrocegp@archive.org,09/08/2024
603,Florenza Harrowing,fharrowinggq@facebook.com,09/23/2024
604,Royall Malinowski,rmalinowskigr@jalbum.net,09/05/2024
605,Ulberto Berfoot,uberfootgs@pen.io,07/08/2024
606,Renata Ketch,rketchgt@bigcartel.com,10/21/2025
607,Cordie Hammelberg,chammelberggu@wix.com,07/12/2024
608,Janessa Cusworth,jcusworthgv@sina.com.cn,04/12/2024
609,Sidnee Widdup,swiddupgw@webeden.co.uk,07/28/2025
610,Dene Pittendreigh,dpittendreighgx@discovery.com,04/23/2025
611,Jonah Tesh,jteshgy@forbes.com,06/28/2024
612,Demetris Tures,dturesgz@vistaprint.com,05/09/2024
613,Foster Blachford,fblachfordh0@pinterest.com,08/19/2025
614,Jocko Camm,jcammh1@zdnet.com,12/21/2025
615,Rory Vanderplas,rvanderplash2@java.com,06/30/2025
616,Dorelia Voysey,dvoyseyh3@ifeng.com,04/17/2024
617,Saundra Rajchert,srajcherth4@myspace.com,12/29/2024
618,Bernard Mee,bmeeh5@sfgate.com,04/10/2025
619,Merell Gillebride,mgillebrideh6@github.io,02/27/2024
620,Andromache Scrymgeour,ascrymgeourh7@toplist.cz,03/12/2024
621,Evan Brampton,ebramptonh8@theguardian.com,05/09/2025
622,Ivette Giraudy,igiraudyh9@vk.com,04/03/2025
623,Toma Hanhard,thanhardha@meetup.com,04/14/2024
624,Valentijn Longdon,vlongdonhb@simplemachines.org,12/08/2024
625,Genna Maccrae,gmaccraehc@arstechnica.com,11/15/2024
626,Romola Rotherforth,rrotherforthhd@alibaba.com,12/27/2025
627,Illa De Castri,idehe@msu.edu,03/15/2024
628,Obed Maliphant,omaliphanthf@yellowpages.com,05/05/2025
629,Haskell Prothero,hprotherohg@bigcartel.com,12/05/2025
630,Liesa Ivankovic,livankovichh@soup.io,11/30/2025
631,Linell Scoggans,lscogganshi@phpbb.com,07/24/2025
632,Sumner Tewnion,stewnionhj@unblog.fr,05/28/2024
633,Timofei Basnett,tbasnetthk@house.gov,03/20/2024
634,Greg Trosdall,gtrosdallhl@vk.com,04/19/2025
635,Boniface Broszkiewicz,bbroszkiewiczhm@mashable.com,12/08/2025
636,Flynn O'Hingerty,fohingertyhn@foxnews.com,07/13/2025
637,Broddie Treanor,btreanorho@techcrunch.com,03/21/2025
638,Andra Chisolm,achisolmhp@walmart.com,11/14/2024
639,Zitella Bess,zbesshq@scribd.com,01/26/2025
640,Kylie McCallister,kmccallisterhr@arstechnica.com,03/17/2025
641,Lise Rings,lringshs@si.edu,11/26/2025
642,Cobby Pendre,cpendreht@ask.com,01/10/2025
643,Holly Dowtry,hdowtryhu@msn.com,02/24/2025
644,Farris West,fwesthv@indiatimes.com,02/20/2025
645,Wake Heinschke,wheinschkehw@wiley.com,04/09/2024
646,Cchaddie Necrews,cnecrewshx@dailymotion.com,05/02/2025
647,Ki Patrone,kpatronehy@live.com,07/23/2024
648,Johny Mitkin,jmitkinhz@nytimes.com,07/29/2024
649,Kirstin Brideau,kbrideaui0@ihg.com,01/23/2025
650,Dick Pretsel,dpretseli1@livejournal.com,03/12/2025
651,Olga Norster,onorsteri2@cmu.edu,04/08/2024
652,Clarissa Hightown,chightowni3@arizona.edu,10/04/2024
653,Joice O'Loughlin,joloughlini4@shutterfly.com,04/02/2025
654,Lanie Smieton,lsmietoni5@twitter.com,05/15/2024
655,Zonda Vernazza,zvernazzai6@whitehouse.gov,05/07/2024
656,Cortney Bront,cbronti7@typepad.com,02/09/2024
657,Camila Silvermann,csilvermanni8@timesonline.co.uk,04/23/2025
658,Uri Balaison,ubalaisoni9@archive.org,09/09/2024
659,Donnamarie Assinder,dassinderia@ycombinator.com,09/06/2024
660,Rebeca Yesinov,ryesinovib@de.vu,05/06/2025
661,Erny Toogood,etoogoodic@wordpress.org,09/22/2025
662,Kalinda Janeway,kjanewayid@theglobeandmail.com,03/29/2025
663,Sallyanne Fleote,sfleoteie@google.ca,03/31/2025
664,Fan Slight,fslightif@bizjournals.com,10/01/2024
665,Selestina Pfleger,spflegerig@opensource.org,01/22/2024
666,Jordanna Gatland,jgatlandih@auda.org.au,07/26/2024
667,Audrye Mosdell,amosdellii@bbc.co.uk,06/07/2025
668,Carny Martinez,cmartinezij@tripadvisor.com,01/05/2024
669,Kathy Pankethman,kpankethmanik@alibaba.com,02/02/2024
670,Dolli Toulmin,dtoulminil@exblog.jp,09/19/2024
671,Abraham Babar,ababarim@zimbio.com,08/14/2024
672,Erny Bremley,ebremleyin@umn.edu,09/14/2024
673,Agace Mattiato,amattiatoio@arstechnica.com,11/11/2025
674,Robinet Billham,rbillhamip@last.fm,07/07/2025
675,Terri Caltun,tcaltuniq@gov.uk,03/27/2025
676,Mechelle Ramsbottom,mramsbottomir@ovh.net,09/17/2024
677,Joyan Castelluzzi,jcastelluzziis@yale.edu,10/17/2025
678,Margret Theobalds,mtheobaldsit@bravesites.com,03/28/2025
679,Timmie Halpine,thalpineiu@weebly.com,09/10/2025
680,Mara Schwartz,mschwartziv@miitbeian.gov.cn,07/02/2025
681,Terrel Brashier,tbrashieriw@pbs.org,07/18/2024
682,Arny Sedgemond,asedgemondix@ca.gov,11/10/2024
683,Traver Itzchaky,titzchakyiy@php.net,11/24/2024
684,Netty Shaw,nshawiz@state.gov,07/20/2024
685,Windy Vater,wvaterj0@drupal.org,09/24/2025
686,Emmit Iggalden,eiggaldenj1@hibu.com,09/24/2025
687,Marjie Bovey,mboveyj2@tamu.edu,05/16/2024
688,Annmarie Aspey,aaspeyj3@accuweather.com,07/27/2024
689,Orion Fransman,ofransmanj4@i2i.jp,09/25/2025
690,Monica McIndoe,mmcindoej5@cyberchimps.com,06/19/2024
691,Godwin Ovell,govellj6@quantcast.com,12/15/2025
692,Marcy Nitto,mnittoj7@youtube.com,03/06/2025
693,Myra Waleran,mwaleranj8@mayoclinic.com,06/03/2025
694,Francois Varga,fvargaj9@hostgator.com,09/27/2025
695,Ferne Bladesmith,fbladesmithja@ovh.net,03/26/2024
696,Gaby Barrows,gbarrowsjb@tinypic.com,04/25/2025
697,Wang Grimditch,wgrimditchjc@ezinearticles.com,07/17/2025
698,Etienne O'Teague,eoteaguejd@paginegialle.it,07/12/2025
699,Mathe Bradick,mbradickje@google.ru,07/08/2025
700,Carmelia Andrews,candrewsjf@pagesperso-orange.fr,06/25/2025
701,Juliette Schoenleiter,jschoenleiterjg@blogspot.com,03/10/2024
702,Blanche Labdon,blabdonjh@macromedia.com,05/29/2025
703,Leola Watson-Brown,lwatsonbrownji@discuz.net,08/22/2024
704,Aristotle Craze,acrazejj@bandcamp.com,01/07/2025
705,Jemmie Pocklington,jpocklingtonjk@accuweather.com,03/24/2025
706,Armin Aldiss,aaldissjl@bing.com,10/14/2024
707,Josephina Poynor,jpoynorjm@blog.com,10/29/2024
708,Thea Doe,tdoejn@yahoo.co.jp,09/03/2024
709,Denyse Ferier,dferierjo@phpbb.com,03/15/2025
710,Loren Claybourne,lclaybournejp@squarespace.com,03/27/2024
711,Hadrian Skechley,hskechleyjq@comsenz.com,06/26/2024
712,Paddie Leopard,pleopardjr@engadget.com,05/21/2025
713,Donn Amdohr,damdohrjs@facebook.com,05/31/2025
714,Concordia Iwanowski,ciwanowskijt@state.tx.us,04/03/2024
715,Delphine McCorkindale,dmccorkindaleju@squarespace.com,10/15/2025
716,Holly Heatlie,hheatliejv@topsy.com,12/17/2024
717,Lew Paroni,lparonijw@nih.gov,11/15/2024
718,Cyndie Standish-Brooks,cstandishbrooksjx@patch.com,06/10/2025
719,Hilliary Petchey,hpetcheyjy@tinyurl.com,01/04/2024
720,Octavia Fealey,ofealeyjz@psu.edu,10/16/2025
721,Devondra Padfield,dpadfieldk0@ovh.net,03/06/2025
722,Penrod Van't Hoff,pvantk1@mozilla.com,04/29/2025
723,Hallsy Wickendon,hwickendonk2@disqus.com,03/14/2024
724,Massimiliano Swainson,mswainsonk3@mlb.com,09/25/2025
725,Derwin Rippon,dripponk4@dagondesign.com,01/30/2024
726,Jewelle McCusker,jmccuskerk5@about.com,09/05/2025
727,Gerri Lockery,glockeryk6@delicious.com,12/03/2025
728,Nelie Franzelini,nfranzelinik7@mysql.com,12/18/2025
729,Zacharias Hubeaux,zhubeauxk8@china.com.cn,09/16/2025
730,Norina Smalridge,nsmalridgek9@squidoo.com,01/05/2024
731,Suzanna Emer,semerka@devhub.com,07/30/2024
732,Claus Antonijevic,cantonijevickb@businessweek.com,11/02/2024
733,Friederike Woodroofe,fwoodroofekc@cafepress.com,04/25/2024
734,Edouard Coll,ecollkd@xrea.com,04/08/2024
735,Onofredo Bauldrey,obauldreyke@amazon.de,08/12/2024
736,Nealon Turpin,nturpinkf@jalbum.net,01/24/2025
737,Saunderson Grimbaldeston,sgrimbaldestonkg@acquirethisname.com,04/24/2025
738,Rozina Brashaw,rbrashawkh@miibeian.gov.cn,10/03/2024
739,Aprilette Babar,ababarki@sourceforge.net,04/13/2025
740,Jard Keaveny,jkeavenykj@blogspot.com,08/16/2024
741,Blanch Housbey,bhousbeykk@sakura.ne.jp,08/15/2025
742,Tiffany Sweedland,tsweedlandkl@xing.com,10/28/2025
743,Kent Dibson,kdibsonkm@infoseek.co.jp,11/27/2024
744,Alfredo Morriss,amorrisskn@hubpages.com,07/02/2025
745,Virge Timoney,vtimoneyko@fotki.com,03/14/2024
746,Layney Manes,lmaneskp@wordpress.org,07/05/2024
747,Sallee Dagger,sdaggerkq@deliciousdays.com,07/20/2025
748,Sebastian Blaxland,sblaxlandkr@reddit.com,07/29/2025
749,Janeen Marlin,jmarlinks@fc2.com,01/08/2024
750,Ailey Boddam,aboddamkt@unblog.fr,08/07/2024
751,Raul Hanmore,rhanmoreku@scribd.com,05/25/2025
752,Francine Barabisch,fbarabischkv@geocities.jp,06/13/2025
753,Celestyna Wenman,cwenmankw@behance.net,08/18/2024
754,Germain Vallack,gvallackkx@rakuten.co.jp,08/05/2024
755,Ari Schenkel,aschenkelky@tinyurl.com,06/15/2025
756,Catherin Bromige,cbromigekz@engadget.com,06/07/2025
757,Clare Murphey,cmurpheyl0@howstuffworks.com,04/11/2024
758,Gina Lambarton,glambartonl1@mashable.com,04/20/2025
759,Merlina Calbaithe,mcalbaithel2@dailymotion.com,01/27/2025
760,Arron Feighry,afeighryl3@google.pl,04/15/2024
761,Carline McCandless,cmccandlessl4@live.com,01/03/2025
762,Franny Earley,fearleyl5@delicious.com,01/01/2025
763,Elizabeth Barwell,ebarwelll6@google.es,02/05/2025
764,Wendell Mushawe,wmushawel7@tinypic.com,03/22/2024
765,Wells Bolzmann,wbolzmannl8@ucoz.ru,08/04/2025
766,Thorsten Romanet,tromanetl9@upenn.edu,09/16/2025
767,Adan Gibbetts,agibbettsla@ebay.co.uk,11/30/2025
768,Ange Rapley,arapleylb@e-recht24.de,11/28/2025
769,Welsh Tibbetts,wtibbettslc@alexa.com,04/10/2025
770,Morton Sliney,mslineyld@discovery.com,03/28/2024
771,Dru Lathbury,dlathburyle@foxnews.com,10/03/2024
772,Vic Rosenhaus,vrosenhauslf@europa.eu,01/25/2024
773,Rollins Shailer,rshailerlg@mapy.cz,02/29/2024
774,Jethro Sprague,jspraguelh@tamu.edu,12/31/2024
775,Teodoro Kreuzer,tkreuzerli@auda.org.au,11/14/2024
776,Tabatha McBrearty,tmcbreartylj@linkedin.com,11/26/2025
777,Stace Niblock,sniblocklk@telegraph.co.uk,01/16/2024
778,Krispin Booker,kbookerll@statcounter.com,05/28/2024
779,Robbie Volker,rvolkerlm@cargocollective.com,11/18/2024
780,Henrie De Malchar,hdeln@ucla.edu,09/29/2025
781,Tatiania Gowing,tgowinglo@discuz.net,07/16/2025
782,Tommy Devereu,tdevereulp@merriam-webster.com,04/25/2024
783,Tris Cuer,tcuerlq@independent.co.uk,03/14/2024
784,Tymothy Matusevich,tmatusevichlr@yahoo.com,11/09/2025
785,Wenonah Kain,wkainls@comcast.net,03/04/2025
786,Nikolos Noot,nnootlt@yahoo.com,05/02/2025
787,Engelbert McAster,emcasterlu@tumblr.com,05/29/2024
788,Kennith Postles,kpostleslv@jalbum.net,08/02/2025
789,Rodney Chappell,rchappelllw@stanford.edu,03/12/2024
790,Isabel Dickon,idickonlx@csmonitor.com,09/04/2025
791,Galina Eldered,gelderedly@rediff.com,12/17/2024
792,Waiter Glennon,wglennonlz@shutterfly.com,05/07/2024
793,Randolf Viccary,rviccarym0@jigsy.com,12/14/2025
794,Vincenty Forder,vforderm1@harvard.edu,11/09/2025
795,Waverley Skechley,wskechleym2@tinypic.com,09/30/2024
796,Georgiana Kell,gkellm3@state.tx.us,04/19/2024
797,Eachelle Speke,espekem4@cmu.edu,07/27/2025
798,Malia Macguire,mmacguirem5@reference.com,03/08/2024
799,Rubi Worsnap,rworsnapm6@uiuc.edu,10/14/2025
800,Letti McMennum,lmcmennumm7@nasa.gov,01/25/2024
801,Findley Mogie,fmogiem8@marketwatch.com,03/03/2025
802,Vincenz Farmer,vfarmerm9@prnewswire.com,12/23/2025
803,Torrence Figure,tfigurema@sina.com.cn,12/24/2024
804,Belvia Cowerd,bcowerdmb@pen.io,12/18/2024
805,Bathsheba Deabill,bdeabillmc@people.com.cn,02/09/2025
806,Alphard Dearth,adearthmd@usa.gov,05/02/2025
807,Alfi Beccera,abeccerame@yellowbook.com,08/21/2025
808,Bob Rase,brasemf@webeden.co.uk,02/27/2025
809,Emylee Sushams,esushamsmg@deliciousdays.com,04/13/2025
810,Ketti Meech,kmeechmh@smugmug.com,01/14/2025
811,Hurleigh Adamovich,hadamovichmi@china.com.cn,06/03/2024
812,Dorene Gynn,dgynnmj@house.gov,04/12/2024
813,Yetty Jurzyk,yjurzykmk@lulu.com,09/29/2024
814,Cissy Olorenshaw,colorenshawml@shutterfly.com,03/25/2025
815,Lesli Gors,lgorsmm@wikia.com,07/11/2024
816,Merrill Selwood,mselwoodmn@google.de,05/11/2024
817,Leisha Heakins,lheakinsmo@slideshare.net,06/22/2025
818,Henderson Delf,hdelfmp@engadget.com,06/02/2025
819,Park Coffey,pcoffeymq@soup.io,05/30/2024
820,Cobb Carwithan,ccarwithanmr@apple.com,02/24/2025
821,Lind Hearl,lhearlms@sourceforge.net,06/14/2024
822,Ulysses Alldread,ualldreadmt@cnet.com,10/17/2024
823,Leeann Cesco,lcescomu@wiley.com,05/24/2025
824,Teddy Danilchenko,tdanilchenkomv@sciencedirect.com,07/14/2025
825,Roddie Gatfield,rgatfieldmw@tamu.edu,04/18/2025
826,Sherwood Rumble,srumblemx@google.de,11/12/2024
827,Dre Banger,dbangermy@imgur.com,08/13/2025
828,Gayla Hurtado,ghurtadomz@harvard.edu,03/08/2024
829,Fae Braithwaite,fbraithwaiten0@1und1.de,09/26/2025
830,Smitty Ballin,sballinn1@youtube.com,07/10/2025
831,Olympe Parkman,oparkmann2@google.cn,11/28/2024
832,Terrie Sketchley,tsketchleyn3@unesco.org,06/10/2024
833,Howey Randalson,hrandalsonn4@forbes.com,05/27/2024
834,Florrie Rowlings,frowlingsn5@cisco.com,02/08/2025
835,Stacie MacCurtain,smaccurtainn6@t.co,07/28/2025
836,Kathryn Ostick,kostickn7@dmoz.org,09/17/2025
837,Kayla Renshell,krenshelln8@unblog.fr,07/29/2025
838,Alisa Chainey,achaineyn9@apple.com,12/12/2024
839,Bari Boorn,bboornna@cpanel.net,02/24/2025
840,Monte McHaffy,mmchaffynb@smugmug.com,02/23/2025
841,Rufe Patron,rpatronnc@nymag.com,03/24/2025
842,Bonnibelle Winterburn,bwinterburnnd@senate.gov,04/28/2025
843,Vilhelmina Well,vwellne@wikia.com,06/15/2025
844,Eudora Trebbett,etrebbettnf@studiopress.com,12/09/2024
845,Karlotta O'Doran,kodoranng@slashdot.org,11/01/2024
846,Wit Curton,wcurtonnh@g.co,06/28/2024
847,Rozele Laurenz,rlaurenzni@amazon.co.jp,01/22/2024
848,Jeane Bolesma,jbolesmanj@bbb.org,09/19/2024
849,Glen Lupson,glupsonnk@samsung.com,09/08/2024
850,Jeana Haycox,jhaycoxnl@ebay.co.uk,06/03/2025
851,Engracia Faint,efaintnm@tripadvisor.com,06/06/2025
852,Leelah Conti,lcontinn@reverbnation.com,09/11/2024
853,Sianna Furby,sfurbyno@cbslocal.com,11/14/2024
854,Dorian Biddlecombe,dbiddlecombenp@ebay.co.uk,11/01/2024
855,Hugues Robbey,hrobbeynq@amazon.de,01/29/2024
856,Fulton Connick,fconnicknr@goo.gl,07/28/2025
857,Gaylene Burgill,gburgillns@networksolutions.com,10/26/2025
858,Marcy Bathow,mbathownt@cyberchimps.com,07/19/2025
859,Casandra Mc Grath,cmcnu@bloglovin.com,07/03/2025
860,Melva Simoni,msimoninv@mapquest.com,05/09/2024
861,Esmeralda Gommery,egommerynw@wikimedia.org,01/09/2025
862,Toby Rosewall,trosewallnx@google.nl,03/19/2025
863,Adela Leebetter,aleebetterny@forbes.com,01/23/2025
864,Lynette Sheasby,lsheasbynz@cargocollective.com,12/21/2024
865,Felita Rouzet,frouzeto0@wordpress.com,04/26/2024
866,Westbrook Docwra,wdocwrao1@dyndns.org,01/02/2024
867,Windham California,wcaliforniao2@desdev.cn,08/09/2024
868,Tiertza Layland,tlaylando3@nhs.uk,08/18/2025
869,Iris Tong,itongo4@free.fr,02/19/2024
870,Quincy Fassan,qfassano5@twitter.com,09/18/2025
871,Jannelle Cardinale,jcardinaleo6@godaddy.com,11/13/2025
872,Ludovico Benton,lbentono7@senate.gov,08/19/2025
873,Wendeline Norker,wnorkero8@dedecms.com,07/25/2024
874,Riordan Newband,rnewbando9@ameblo.jp,09/29/2025
875,Eileen Hauxby,ehauxbyoa@alibaba.com,11/16/2025
876,Harlen Jirick,hjirickob@etsy.com,02/03/2025
877,Theressa Tohill,ttohilloc@telegraph.co.uk,09/20/2025
878,Augustine Carlon,acarlonod@wikia.com,11/20/2025
879,Ransell Greed,rgreedoe@cnn.com,05/30/2025
880,Rossie Lydden,rlyddenof@dion.ne.jp,09/11/2024
881,Giordano Capener,gcapenerog@people.com.cn,09/01/2025
882,Calypso Lammie,clammieoh@com.com,07/31/2025
883,Cathleen Pavier,cpavieroi@ask.com,07/20/2025
884,Mavis Eastridge,meastridgeoj@sitemeter.com,01/12/2024
885,Hamlen Varnals,hvarnalsok@xrea.com,04/11/2024
886,Catarina Firbanks,cfirbanksol@rakuten.co.jp,01/28/2025
887,Gabie Plumstead,gplumsteadom@smh.com.au,12/17/2025
888,Lorita Barhams,lbarhamson@wix.com,05/25/2025
889,Karina Baggs,kbaggsoo@ca.gov,08/05/2025
890,Jared Bowfin,jbowfinop@facebook.com,12/04/2025
891,Alia Quodling,aquodlingoq@google.com,02/08/2025
892,Chastity Shenton,cshentonor@mac.com,05/11/2024
893,Tucky Pally,tpallyos@ucoz.ru,10/02/2024
894,Karissa O'Loghlen,kologhlenot@fda.gov,01/04/2025
895,Lucilia Chandler,lchandlerou@china.com.cn,04/04/2025
896,Claire Stamp,cstampov@ihg.com,08/20/2024
897,Thoma Woolager,twoolagerow@sogou.com,09/14/2024
898,Raf Royl,rroylox@who.int,11/20/2025
899,Robbie Iskowicz,riskowiczoy@rediff.com,02/24/2025
900,Gussi Ryce,gryceoz@dmoz.org,01/24/2024
901,Dennis Cromett,dcromettp0@phoca.cz,05/06/2025
902,Almeria Jannequin,ajannequinp1@pinterest.com,10/24/2024
903,Kizzie Covey,kcoveyp2@mashable.com,07/14/2024
904,Gilberte Coleridge,gcoleridgep3@gnu.org,05/21/2025
905,Justine Reedshaw,jreedshawp4@marriott.com,10/13/2024
906,Allie Stranaghan,astranaghanp5@pcworld.com,01/31/2024
907,Janetta McGillecole,jmcgillecolep6@nps.gov,03/18/2025
908,Cynthie Bernth,cbernthp7@cornell.edu,02/26/2024
909,Roda Wardhaugh,rwardhaughp8@loc.gov,02/16/2025
910,Michelina Hellsdon,mhellsdonp9@bluehost.com,08/08/2025
911,Jessalyn Selvey,jselveypa@wikimedia.org,09/20/2024
912,Mariana Brewitt,mbrewittpb@reddit.com,08/19/2024
913,Curran Loftie,cloftiepc@aol.com,02/23/2025
914,Leilah Pettingill,lpettingillpd@scientificamerican.com,10/20/2024
915,Heidie Taw,htawpe@vimeo.com,01/28/2025
916,Rianon Pettet,rpettetpf@over-blog.com,09/25/2024
917,Algernon Erratt,aerrattpg@ow.ly,10/26/2025
918,Paulie Telega,ptelegaph@symantec.com,09/18/2025
919,Michaeline Coverly,mcoverlypi@who.int,03/29/2025
920,Phillipp Tille,ptillepj@ibm.com,11/10/2025
921,Ben Tipper,btipperpk@sun.com,11/14/2024
922,Waite Kerswell,wkerswellpl@g.co,09/14/2024
923,Jerrilee Haslin,jhaslinpm@nbcnews.com,07/22/2024
924,Jorry Warhurst,jwarhurstpn@google.co.jp,09/20/2024
925,Zack Kunze,zkunzepo@go.com,06/21/2024
926,Eddie Killiner,ekillinerpp@newyorker.com,12/25/2025
927,Ruperta Keirl,rkeirlpq@businessweek.com,11/29/2025
928,Oliy Bloys,obloyspr@soup.io,11/29/2025
929,Fredrika Lutzmann,flutzmannps@macromedia.com,10/16/2025
930,Perrine Addison,paddisonpt@privacy.gov.au,07/29/2025
931,Krista Burlingham,kburlinghampu@dmoz.org,11/15/2024
932,Stefan Harvie,sharviepv@unblog.fr,04/24/2024
933,Kordula Gonneau,kgonneaupw@psu.edu,01/11/2025
934,Aprilette Shavel,ashavelpx@usnews.com,03/21/2025
935,Feodora MacCarlich,fmaccarlichpy@eventbrite.com,07/23/2025
936,Chaddie Ledward,cledwardpz@nationalgeographic.com,03/27/2024
937,Jenda Simcoe,jsimcoeq0@opera.com,08/30/2024
938,Darda Dickie,ddickieq1@wikispaces.com,07/11/2024
939,Sonni Rase,sraseq2@ameblo.jp,01/26/2024
940,Lemar Houtby,lhoutbyq3@nydailynews.com,09/01/2024
941,Deena Landrean,dlandreanq4@uiuc.edu,09/24/2025
942,Elwira Joret,ejoretq5@cornell.edu,12/26/2024
943,Marvin Faivre,mfaivreq6@goo.gl,04/28/2025
944,Valida Hornung,vhornungq7@blogs.com,07/20/2025
945,Marin de Leon,mdeq8@nps.gov,06/07/2025
946,Wilfred Benazet,wbenazetq9@soup.io,07/20/2025
947,Osmund Verni,overniqa@blogger.com,09/24/2024
948,Gerrilee Covey,gcoveyqb@cornell.edu,02/04/2024
949,Eveleen Shieldon,eshieldonqc@rakuten.co.jp,03/30/2024
950,Benedick Mylechreest,bmylechreestqd@creativecommons.org,07/13/2025
951,Jessey Brecknell,jbrecknellqe@apache.org,09/24/2025
952,Julie Halesworth,jhalesworthqf@squidoo.com,06/27/2024
953,El Elwin,eelwinqg@vkontakte.ru,08/03/2025
954,Moses Janatka,mjanatkaqh@posterous.com,05/23/2024
955,Trever Pieper,tpieperqi@youtube.com,01/25/2024
956,Sharai Brounsell,sbrounsellqj@xing.com,08/27/2025
957,Carmelle Caslin,ccaslinqk@weebly.com,04/07/2025
958,Arthur Beamish,abeamishql@ihg.com,03/09/2024
959,Janey Harfoot,jharfootqm@163.com,12/17/2024
960,Norry Limbert,nlimbertqn@imgur.com,10/05/2025
961,Haydon Kisby,hkisbyqo@seesaa.net,10/30/2024
962,Reggy Colmore,rcolmoreqp@oaic.gov.au,12/02/2025
963,Kylen Osler,koslerqq@altervista.org,06/06/2025
964,Ev Cheng,echengqr@wordpress.org,12/11/2025
965,Abagail Satterly,asatterlyqs@blogger.com,10/24/2025
966,Ashlee Paull,apaullqt@illinois.edu,06/10/2025
967,Fidelio Lennarde,flennardequ@netvibes.com,08/02/2025
968,Rubie Sivess,rsivessqv@oakley.com,09/01/2025
969,Jacobo Shambrook,jshambrookqw@a8.net,12/26/2025
970,Thorndike Leipnik,tleipnikqx@plala.or.jp,12/30/2025
971,Benjy Lanning,blanningqy@imageshack.us,09/04/2025
972,Thor Layne,tlayneqz@japanpost.jp,08/03/2025
973,Vivianna Pidcock,vpidcockr0@mlb.com,12/18/2025
974,Bethanne Stearley,bstearleyr1@latimes.com,04/29/2025
975,Lira Shepley,lshepleyr2@ted.com,01/03/2025
976,Jodee Snyder,jsnyderr3@twitpic.com,12/26/2025
977,Dorthea Klejin,dklejinr4@google.de,09/01/2024
978,Celinda Downie,cdownier5@discuz.net,12/21/2024
979,Franky Khilkov,fkhilkovr6@phpbb.com,11/08/2024
980,Clarinda Bremond,cbremondr7@t-online.de,10/05/2024
981,Bartholemy Dewhurst,bdewhurstr8@elpais.com,11/08/2025
982,Dur Rosenbaum,drosenbaumr9@histats.com,01/15/2025
983,Rivalee Hullah,rhullahra@newsvine.com,05/31/2024
984,Hillyer McCarthy,hmccarthyrb@nyu.edu,12/01/2025
985,Helga Bench,hbenchrc@pen.io,05/06/2024
986,Arlan Bandy,abandyrd@globo.com,12/05/2025
987,Benyamin Measures,bmeasuresre@ocn.ne.jp,08/20/2025
988,Jilleen Labon,jlabonrf@yellowpages.com,03/14/2025
989,Ruthie Thomlinson,rthomlinsonrg@mail.ru,05/22/2024
990,Joelie Cogzell,jcogzellrh@jugem.jp,06/02/2024
991,Con Laidlaw,claidlawri@latimes.com,10/28/2025
992,Darrin Humpherston,dhumpherstonrj@clickbank.net,10/13/2024
993,Ola Cazalet,ocazaletrk@nih.gov,02/22/2025
994,Vonni Jilkes,vjilkesrl@studiopress.com,09/04/2025
995,Yelena Dewitt,ydewittrm@sun.com,01/16/2024
996,Hasty Frugier,hfrugierrn@i2i.jp,03/29/2025
997,Gweneth Dimond,gdimondro@usatoday.com,03/29/2024
998,Elisha Borgnol,eborgnolrp@abc.net.au,04/11/2024
999,Rochelle Boyer,rboyerrq@noaa.gov,12/14/2025
1000,Yvon Petrashov,ypetrashovrr@rakuten.co.jp,07/14/2025
